[{"model": "library.book", "pk": 1, "fields": {"name": "Owl Without Desire", "author": "Steve", "price": 12000}}, {"model": "library.book", "pk": 2, "fields": {"name": "Enemies Of Glory", "author": "Craig", "price": 43000}}, {"model": "library.book", "pk": 3, "fields": {"name": "Doom Of Stone", "author": "Reza", "price": 8000}}, {"model": "library.book", "pk": 4, "fields": {"name": "Prepare For My School", "author": "Reza", "price": 18000}}, {"model": "library.book", "pk": 5, "fields": {"name": "Extinction Of The Solstice", "author": "Steve", "price": 63000}}, {"model": "library.book", "pk": 6, "fields": {"name": "Heroes And Soldiers", "author": "Steve", "price": 9000}}, {"model": "library.book", "pk": 7, "fields": {"name": "Slave Of Time", "author": "Dave", "price": 10000}}]