[
  {
    "model": "library_management.book",
    "pk": 1,
    "fields": {
      "title": "Once Upon a Time in Iran",
      "author": "Javad",
      "available": "True"
    }
  },
  {
    "model": "library_management.book",
    "pk": 2,
    "fields": {
      "title": "Yesterday",
      "author": "Mehdi",
      "available": "True"
    }
  },
  {
    "model": "library_management.book",
    "pk": 3,
    "fields": {
      "title": "White Nights",
      "author": "SAliB",
      "available": "True"
    }
  }
]